<?xml version="1.0" encoding="UTF-8"?>

<channel name="ristretto" version="1.0">
  <property name="window" type="empty">
    <property name="navigationbar" type="empty">
      <property name="position" type="string" value="left"/>
    </property>
    <property name="height" type="uint" value="440"/>
    <property name="width" type="uint" value="405"/>
    <property name="toolbar" type="empty">
      <property name="show" type="bool" value="false"/>
    </property>
    <property name="thumbnails" type="empty">
      <property name="show" type="bool" value="false"/>
    </property>
  </property>
</channel>
