<?xml version="1.0" encoding="UTF-8"?>

<channel name="thunar-volman" version="1.0">
  <property name="automount-drives" type="empty">
    <property name="enabled" type="bool" value="true"/>
  </property>
  <property name="automount-media" type="empty">
    <property name="enabled" type="bool" value="true"/>
  </property>
  <property name="autobrowse" type="empty">
    <property name="enabled" type="bool" value="true"/>
  </property>
  <property name="autoopen" type="empty">
    <property name="enabled" type="bool" value="false"/>
  </property>
  <property name="autorun" type="empty">
    <property name="enabled" type="bool" value="false"/>
  </property>
  <property name="autoburn" type="empty">
    <property name="enabled" type="bool" value="true"/>
  </property>
  <property name="autoplay-audio-cds" type="empty">
    <property name="enabled" type="bool" value="false"/>
  </property>
  <property name="autoplay-video-cds" type="empty">
    <property name="enabled" type="bool" value="false"/>
  </property>
  <property name="autoipod" type="empty">
    <property name="enabled" type="bool" value="false"/>
  </property>
</channel>
