<?xml version="1.0" encoding="UTF-8"?>

<channel name="thunar" version="1.0">
  <property name="last-view" type="string" value="ThunarDetailsView"/>
  <property name="last-icon-view-zoom-level" type="string" value="THUNAR_ZOOM_LEVEL_NORMAL"/>
  <property name="last-separator-position" type="int" value="307"/>
  <property name="last-show-hidden" type="bool" value="false"/>
  <property name="last-window-maximized" type="bool" value="false"/>
  <property name="misc-single-click" type="bool" value="false"/>
  <property name="misc-date-style" type="string" value="THUNAR_DATE_STYLE_SIMPLE"/>
  <property name="last-window-width" type="int" value="681"/>
  <property name="last-window-height" type="int" value="716"/>
  <property name="last-details-view-zoom-level" type="string" value="THUNAR_ZOOM_LEVEL_SMALL"/>
  <property name="last-details-view-column-widths" type="string" value="50,155,50,50,540,50,50,94,358"/>
  <property name="last-sort-column" type="string" value="THUNAR_COLUMN_NAME"/>
  <property name="last-sort-order" type="string" value="GTK_SORT_ASCENDING"/>
  <property name="misc-recursive-permissions" type="string" value="THUNAR_RECURSIVE_PERMISSIONS_ALWAYS"/>
  <property name="last-side-pane" type="string" value="ThunarShortcutsPane"/>
</channel>
