<?xml version="1.0" encoding="UTF-8"?>

<channel name="xfce4-desktop" version="1.0">
  <property name="backdrop" type="empty">
    <property name="screen0" type="empty">
      <property name="monitor0" type="empty">
        <property name="workspace0" type="empty">
          <property name="color-style" type="int" value="0"/>
          <property name="image-style" type="int" value="3"/>
          <property name="last-image" type="string" value="/home/ordanax/Dropbox/WALLPAPERS/rnd/green.jpg"/>
          <property name="backdrop-cycle-enable" type="bool" value="false"/>
          <property name="backdrop-cycle-random-order" type="bool" value="true"/>
          <property name="backdrop-cycle-timer" type="uint" value="1"/>
        </property>
        <property name="workspace1" type="empty">
          <property name="color-style" type="int" value="0"/>
          <property name="image-style" type="int" value="5"/>
          <property name="last-image" type="string" value="/home/ordanax/.conky/Green Apple Desktop/wallpaper.jpg"/>
        </property>
        <property name="workspace2" type="empty">
          <property name="color-style" type="int" value="0"/>
          <property name="image-style" type="int" value="5"/>
          <property name="last-image" type="string" value="/home/ordanax/.conky/Green Apple Desktop/wallpaper.jpg"/>
        </property>
        <property name="workspace3" type="empty">
          <property name="color-style" type="int" value="0"/>
          <property name="image-style" type="int" value="5"/>
          <property name="last-image" type="string" value="/home/ordanax/.conky/Green Apple Desktop/wallpaper.jpg"/>
        </property>
        <property name="image-path" type="string" value="/home/ordanax/Dropbox/WALLPAPERS/rnd/green.jpg"/>
        <property name="image-show" type="bool" value="true"/>
        <property name="image-style" type="int" value="0"/>
        <property name="workspace4" type="empty">
          <property name="color-style" type="int" value="0"/>
          <property name="image-style" type="int" value="3"/>
          <property name="last-image" type="string" value="/home/ordanax/Dropbox/WALLPAPERS/rnd/7cd72eb9d5168ecbf95544015d2226e1_1431494284_1000_1000.jpg"/>
        </property>
        <property name="workspace5" type="empty">
          <property name="color-style" type="int" value="0"/>
          <property name="image-style" type="int" value="3"/>
          <property name="last-image" type="string" value="/home/ordanax/Dropbox/WALLPAPERS/rnd/7cd72eb9d5168ecbf95544015d2226e1_1431494284_1000_1000.jpg"/>
        </property>
        <property name="workspace6" type="empty">
          <property name="color-style" type="int" value="0"/>
          <property name="image-style" type="int" value="3"/>
          <property name="last-image" type="string" value="/home/ordanax/Dropbox/WALLPAPERS/rnd/7cd72eb9d5168ecbf95544015d2226e1_1431494284_1000_1000.jpg"/>
        </property>
        <property name="workspace7" type="empty">
          <property name="color-style" type="int" value="0"/>
          <property name="image-style" type="int" value="3"/>
          <property name="last-image" type="string" value="/home/ordanax/Dropbox/WALLPAPERS/rnd/7cd72eb9d5168ecbf95544015d2226e1_1431494284_1000_1000.jpg"/>
        </property>
        <property name="workspace8" type="empty">
          <property name="color-style" type="int" value="0"/>
          <property name="image-style" type="int" value="3"/>
          <property name="last-image" type="string" value="/home/ordanax/Dropbox/WALLPAPERS/rnd/7cd72eb9d5168ecbf95544015d2226e1_1431494284_1000_1000.jpg"/>
        </property>
      </property>
      <property name="monitor1" type="empty">
        <property name="workspace0" type="empty">
          <property name="color-style" type="int" value="0"/>
          <property name="image-style" type="int" value="5"/>
          <property name="last-image" type="string" value="/home/ordanax/.conky/Green Apple Desktop/wallpaper.jpg"/>
        </property>
        <property name="workspace1" type="empty">
          <property name="color-style" type="int" value="0"/>
          <property name="image-style" type="int" value="5"/>
          <property name="last-image" type="string" value="/home/ordanax/.conky/Green Apple Desktop/wallpaper.jpg"/>
        </property>
        <property name="workspace2" type="empty">
          <property name="color-style" type="int" value="0"/>
          <property name="image-style" type="int" value="5"/>
          <property name="last-image" type="string" value="/home/ordanax/.conky/Green Apple Desktop/wallpaper.jpg"/>
        </property>
        <property name="workspace3" type="empty">
          <property name="color-style" type="int" value="0"/>
          <property name="image-style" type="int" value="5"/>
          <property name="last-image" type="string" value="/home/ordanax/.conky/Green Apple Desktop/wallpaper.jpg"/>
        </property>
      </property>
    </property>
  </property>
  <property name="desktop-icons" type="empty">
    <property name="file-icons" type="empty">
      <property name="show-home" type="bool" value="false"/>
      <property name="show-filesystem" type="bool" value="false"/>
      <property name="show-removable" type="bool" value="true"/>
      <property name="show-trash" type="bool" value="false"/>
      <property name="show-network-removable" type="bool" value="false"/>
      <property name="show-device-removable" type="bool" value="true"/>
      <property name="show-unknown-removable" type="bool" value="false"/>
    </property>
  </property>
  <property name="last" type="empty">
    <property name="window-width" type="int" value="855"/>
    <property name="window-height" type="int" value="518"/>
  </property>
</channel>
