<?xml version="1.0" encoding="UTF-8"?>

<channel name="xfce4-notifyd" version="1.0">
  <property name="applications" type="empty">
    <property name="known_applications" type="array">
      <value type="string" value="Deepin Screenshot"/>
      <value type="string" value="Dropbox"/>
      <value type="string" value="Electron"/>
      <value type="string" value="FileZilla"/>
      <value type="string" value="Firefox"/>
      <value type="string" value="Kdenlive"/>
      <value type="string" value="MEGAsync"/>
      <value type="string" value="nm-applet"/>
      <value type="string" value="org.kdenlive.kdenlive"/>
      <value type="string" value="qBittorrent"/>
      <value type="string" value="Thunar"/>
      <value type="string" value="thunar-volman"/>
      <value type="string" value="Transmission"/>
      <value type="string" value="Xfce volume control"/>
      <value type="string" value="xfce4-power-manager"/>
      <value type="string" value="xfdesktop"/>
      <value type="string" value="xneur"/>
      <value type="string" value="Менеджер пакетов"/>
    </property>
  </property>
</channel>
