<?xml version="1.0" encoding="UTF-8"?>

<channel name="xfce4-panel" version="1.0">
  <property name="configver" type="int" value="2"/>
  <property name="panels" type="array">
    <value type="int" value="1"/>
    <property name="panel-1" type="empty">
      <property name="position" type="string" value="p=6;x=0;y=0"/>
      <property name="length" type="uint" value="100"/>
      <property name="position-locked" type="bool" value="true"/>
      <property name="size" type="uint" value="27"/>
      <property name="plugin-ids" type="array">
        <value type="int" value="1"/>
        <value type="int" value="8"/>
        <value type="int" value="5"/>
        <value type="int" value="25"/>
        <value type="int" value="12"/>
        <value type="int" value="21"/>
        <value type="int" value="26"/>
        <value type="int" value="10"/>
        <value type="int" value="2"/>
        <value type="int" value="28"/>
        <value type="int" value="27"/>
        <value type="int" value="23"/>
        <value type="int" value="17"/>
        <value type="int" value="20"/>
        <value type="int" value="14"/>
        <value type="int" value="30"/>
        <value type="int" value="31"/>
        <value type="int" value="9"/>
        <value type="int" value="16"/>
        <value type="int" value="24"/>
        <value type="int" value="3"/>
        <value type="int" value="15"/>
        <value type="int" value="4"/>
        <value type="int" value="32"/>
        <value type="int" value="13"/>
        <value type="int" value="11"/>
        <value type="int" value="6"/>
        <value type="int" value="18"/>
        <value type="int" value="7"/>
      </property>
      <property name="background-alpha" type="uint" value="0"/>
      <property name="leave-opacity" type="uint" value="100"/>
      <property name="enter-opacity" type="uint" value="100"/>
      <property name="background-style" type="uint" value="1"/>
      <property name="background-color" type="array">
        <value type="uint" value="0"/>
        <value type="uint" value="0"/>
        <value type="uint" value="0"/>
        <value type="uint" value="65535"/>
      </property>
      <property name="length-adjust" type="bool" value="true"/>
      <property name="autohide-behavior" type="uint" value="0"/>
      <property name="mode" type="uint" value="0"/>
    </property>
  </property>
  <property name="plugins" type="empty">
    <property name="plugin-1" type="string" value="applicationsmenu">
      <property name="button-icon" type="string" value="/home/ordanax/.icons/Arch-linux-green.png"/>
      <property name="button-title" type="string" value="Arch Linux"/>
      <property name="show-menu-icons" type="bool" value="true"/>
    </property>
    <property name="plugin-3" type="string" value="tasklist">
      <property name="flat-buttons" type="bool" value="true"/>
      <property name="show-labels" type="bool" value="false"/>
      <property name="grouping" type="uint" value="1"/>
    </property>
    <property name="plugin-15" type="string" value="separator">
      <property name="expand" type="bool" value="true"/>
      <property name="style" type="uint" value="0"/>
    </property>
    <property name="plugin-6" type="string" value="systray">
      <property name="names-visible" type="array">
        <value type="string" value="obs"/>
        <value type="string" value="vlc"/>
        <value type="string" value="апплет networkmanager"/>
        <value type="string" value="thunar"/>
        <value type="string" value="kazam"/>
        <value type="string" value="gxneur"/>
        <value type="string" value="veracrypt"/>
        <value type="string" value="networkmanager applet"/>
        <value type="string" value="fluxgui"/>
        <value type="string" value="qbittorrent"/>
        <value type="string" value="skype"/>
        <value type="string" value="steam"/>
        <value type="string" value="shutter"/>
        <value type="string" value="psensor"/>
        <value type="string" value="pidgin"/>
        <value type="string" value="chromium"/>
        <value type="string" value="заметки"/>
        <value type="string" value="gxkb"/>
        <value type="string" value="simplescreenrecorder"/>
        <value type="string" value="gromit-mpx"/>
        <value type="string" value="megasync"/>
        <value type="string" value="viberpc"/>
        <value type="string" value="wire-desktop"/>
        <value type="string" value="диспетчер задач"/>
        <value type="string" value="orage"/>
        <value type="string" value="pamac-tray"/>
        <value type="string" value="xscreenshot"/>
        <value type="string" value="joxi"/>
        <value type="string" value="cherrytree"/>
      </property>
      <property name="show-frame" type="bool" value="false"/>
      <property name="names-hidden" type="array">
        <value type="string" value="goldendict"/>
      </property>
    </property>
    <property name="plugin-7" type="string" value="launcher">
      <property name="items" type="array">
        <value type="string" value="14785468991.desktop"/>
      </property>
    </property>
    <property name="plugin-8" type="string" value="launcher">
      <property name="items" type="array">
        <value type="string" value="14796676721.desktop"/>
      </property>
    </property>
    <property name="plugin-25" type="string" value="launcher">
      <property name="items" type="array">
        <value type="string" value="14796677213.desktop"/>
      </property>
      <property name="disable-tooltips" type="bool" value="true"/>
    </property>
    <property name="plugin-26" type="string" value="launcher">
      <property name="items" type="array">
        <value type="string" value="14796677454.desktop"/>
      </property>
    </property>
    <property name="plugin-27" type="string" value="launcher">
      <property name="items" type="array">
        <value type="string" value="14796677645.desktop"/>
      </property>
    </property>
    <property name="plugin-28" type="string" value="launcher">
      <property name="items" type="array">
        <value type="string" value="14796677966.desktop"/>
      </property>
    </property>
    <property name="plugin-2" type="string" value="launcher">
      <property name="items" type="array">
        <value type="string" value="14797444451.desktop"/>
      </property>
    </property>
    <property name="plugin-21" type="string" value="launcher">
      <property name="items" type="array">
        <value type="string" value="14812790181.desktop"/>
      </property>
    </property>
    <property name="plugin-14" type="string" value="launcher">
      <property name="items" type="array">
        <value type="string" value="14818047061.desktop"/>
      </property>
    </property>
    <property name="plugin-12" type="string" value="launcher">
      <property name="items" type="array">
        <value type="string" value="14820884361.desktop"/>
      </property>
    </property>
    <property name="plugin-20" type="string" value="launcher">
      <property name="items" type="array">
        <value type="string" value="14821727993.desktop"/>
      </property>
    </property>
    <property name="plugin-24" type="string" value="separator">
      <property name="style" type="uint" value="1"/>
    </property>
    <property name="plugin-18" type="string" value="pulseaudio">
      <property name="enable-keyboard-shortcuts" type="bool" value="true"/>
      <property name="show-notifications" type="bool" value="false"/>
      <property name="mpris-players" type="string" value=";vlc"/>
    </property>
    <property name="plugin-10" type="string" value="launcher">
      <property name="items" type="array">
        <value type="string" value="14858025381.desktop"/>
      </property>
    </property>
    <property name="notes" type="empty">
      <property name="global" type="empty">
        <property name="background-color" type="string" value="#efe2df976c2f"/>
        <property name="skip-taskbar-hint" type="bool" value="true"/>
        <property name="tabs-position" type="int" value="0"/>
      </property>
      <property name="new-window" type="empty">
        <property name="always-on-top" type="bool" value="true"/>
        <property name="width" type="int" value="240"/>
        <property name="height" type="int" value="300"/>
        <property name="sticky" type="bool" value="false"/>
      </property>
    </property>
    <property name="plugin-32" type="string" value="clock">
      <property name="timezone" type="string" value="Asia/Yekaterinburg"/>
      <property name="digital-format" type="string" value="%T"/>
      <property name="mode" type="uint" value="4"/>
      <property name="show-seconds" type="bool" value="true"/>
    </property>
    <property name="plugin-5" type="string" value="launcher">
      <property name="items" type="array">
        <value type="string" value="14954447061.desktop"/>
      </property>
    </property>
    <property name="plugin-11" type="string" value="xkb"/>
    <property name="plugin-17" type="string" value="launcher">
      <property name="items" type="array">
        <value type="string" value="15026261741.desktop"/>
      </property>
    </property>
    <property name="plugin-30" type="string" value="launcher">
      <property name="items" type="array">
        <value type="string" value="15052394851.desktop"/>
      </property>
    </property>
    <property name="plugin-31" type="string" value="launcher">
      <property name="items" type="array">
        <value type="string" value="15056881761.desktop"/>
      </property>
    </property>
    <property name="plugin-23" type="string" value="launcher">
      <property name="items" type="array">
        <value type="string" value="15068913881.desktop"/>
      </property>
    </property>
    <property name="plugin-4" type="string" value="pager"/>
    <property name="plugin-9" type="string" value="launcher">
      <property name="items" type="array">
        <value type="string" value="15079291691.desktop"/>
      </property>
    </property>
    <property name="plugin-13" type="string" value="weather"/>
    <property name="plugin-16" type="string" value="launcher">
      <property name="items" type="array">
        <value type="string" value="15091088481.desktop"/>
      </property>
    </property>
  </property>
</channel>
