<?xml version="1.0" encoding="UTF-8"?>

<channel name="xfce4-mixer" version="1.0">
  <property name="sound-card" type="string" value="HDAIntelPCHAlsamixer"/>
  <property name="sound-cards" type="empty">
    <property name="HDAIntelHDMIAlsamixer" type="array">
    </property>
    <property name="HDAIntelPCHAlsamixer" type="array">
      <value type="string" value="Общий"/>
      <value type="string" value="Headphone"/>
      <value type="string" value="Speaker"/>
      <value type="string" value="PCM"/>
      <value type="string" value="Mic Boost"/>
      <value type="string" value="Съёмка"/>
    </property>
  </property>
  <property name="window-height" type="int" value="400"/>
  <property name="window-width" type="int" value="640"/>
</channel>
